club_id,season,conference,display_name,note
arsenal,2018,Premier League,Arsenal,EPL 2018/19 example season - one table with no conference split. The single conference IS the league.
tottenham_hotspur,2018,Premier League,Tottenham Hotspur,EPL 2018/19 example season
manchester_city,2018,Premier League,Manchester City,EPL 2018/19 example season
leicester_city,2018,Premier League,Leicester City,EPL 2018/19 example season
crystal_palace,2018,Premier League,Crystal Palace,EPL 2018/19 example season
everton,2018,Premier League,Everton,EPL 2018/19 example season
burnley,2018,Premier League,Burnley,EPL 2018/19 example season
southampton,2018,Premier League,Southampton,EPL 2018/19 example season
bournemouth,2018,Premier League,AFC Bournemouth,EPL 2018/19 example season
manchester_united,2018,Premier League,Manchester United,EPL 2018/19 example season
liverpool,2018,Premier League,Liverpool,EPL 2018/19 example season
chelsea,2018,Premier League,Chelsea,EPL 2018/19 example season
west_ham_united,2018,Premier League,West Ham United,EPL 2018/19 example season
watford,2018,Premier League,Watford,EPL 2018/19 example season
newcastle_united,2018,Premier League,Newcastle United,EPL 2018/19 example season
cardiff_city,2018,Premier League,Cardiff City,EPL 2018/19 example season
fulham,2018,Premier League,Fulham,EPL 2018/19 example season
brighton,2018,Premier League,Brighton & Hove Albion,EPL 2018/19 example season
huddersfield_town,2018,Premier League,Huddersfield Town,EPL 2018/19 example season
wolverhampton_wanderers,2018,Premier League,Wolverhampton Wanderers,EPL 2018/19 example season
philadelphia_union_ii,2017,Eastern,Bethlehem Steel FC,USL Championship 2017 Eastern Conference. Filled from the league's published conference lists before the subscription; verify against the league-tables response for the season once it is archived
charleston_battery,2017,Eastern,Charleston Battery,USL Championship 2017 Eastern Conference. Filled from the league's published conference lists before the subscription; verify against the league-tables response for the season once it is archived
charlotte_independence,2017,Eastern,Charlotte Independence,USL Championship 2017 Eastern Conference. Filled from the league's published conference lists before the subscription; verify against the league-tables response for the season once it is archived
fc_cincinnati,2017,Eastern,FC Cincinnati,USL Championship 2017 Eastern Conference. Filled from the league's published conference lists before the subscription; verify against the league-tables response for the season once it is archived
penn_fc,2017,Eastern,Harrisburg City Islanders,USL Championship 2017 Eastern Conference. Filled from the league's published conference lists before the subscription; verify against the league-tables response for the season once it is archived
louisville_city,2017,Eastern,Louisville City FC,USL Championship 2017 Eastern Conference. Filled from the league's published conference lists before the subscription; verify against the league-tables response for the season once it is archived
new_york_red_bulls_ii,2017,Eastern,New York Red Bulls II,USL Championship 2017 Eastern Conference. Filled from the league's published conference lists before the subscription; verify against the league-tables response for the season once it is archived
orlando_city_b,2017,Eastern,Orlando City B,USL Championship 2017 Eastern Conference. Filled from the league's published conference lists before the subscription; verify against the league-tables response for the season once it is archived
ottawa_fury,2017,Eastern,Ottawa Fury FC,USL Championship 2017 Eastern Conference. Filled from the league's published conference lists before the subscription; verify against the league-tables response for the season once it is archived
pittsburgh_riverhounds,2017,Eastern,Pittsburgh Riverhounds,USL Championship 2017 Eastern Conference. Filled from the league's published conference lists before the subscription; verify against the league-tables response for the season once it is archived
richmond_kickers,2017,Eastern,Richmond Kickers,USL Championship 2017 Eastern Conference. Filled from the league's published conference lists before the subscription; verify against the league-tables response for the season once it is archived
rochester_rhinos,2017,Eastern,Rochester Rhinos,USL Championship 2017 Eastern Conference. Filled from the league's published conference lists before the subscription; verify against the league-tables response for the season once it is archived
saint_louis_fc,2017,Eastern,Saint Louis FC,USL Championship 2017 Eastern Conference. Filled from the league's published conference lists before the subscription; verify against the league-tables response for the season once it is archived
tampa_bay_rowdies,2017,Eastern,Tampa Bay Rowdies,USL Championship 2017 Eastern Conference. Filled from the league's published conference lists before the subscription; verify against the league-tables response for the season once it is archived
toronto_fc_ii,2017,Eastern,Toronto FC II,USL Championship 2017 Eastern Conference. Filled from the league's published conference lists before the subscription; verify against the league-tables response for the season once it is archived
colorado_springs_switchbacks,2017,Western,Colorado Springs Switchbacks FC,USL Championship 2017 Western Conference. Filled from the league's published conference lists before the subscription; verify against the league-tables response for the season once it is archived
la_galaxy_ii,2017,Western,LA Galaxy II,USL Championship 2017 Western Conference. Filled from the league's published conference lists before the subscription; verify against the league-tables response for the season once it is archived
okc_energy,2017,Western,OKC Energy FC,USL Championship 2017 Western Conference. Filled from the league's published conference lists before the subscription; verify against the league-tables response for the season once it is archived
orange_county_sc,2017,Western,Orange County SC,USL Championship 2017 Western Conference. Filled from the league's published conference lists before the subscription; verify against the league-tables response for the season once it is archived
phoenix_rising,2017,Western,Phoenix Rising FC,USL Championship 2017 Western Conference. Filled from the league's published conference lists before the subscription; verify against the league-tables response for the season once it is archived
portland_timbers_2,2017,Western,Portland Timbers 2,USL Championship 2017 Western Conference. Filled from the league's published conference lists before the subscription; verify against the league-tables response for the season once it is archived
real_monarchs,2017,Western,Real Monarchs SLC,USL Championship 2017 Western Conference. Filled from the league's published conference lists before the subscription; verify against the league-tables response for the season once it is archived
reno_1868,2017,Western,Reno 1868 FC,USL Championship 2017 Western Conference. Filled from the league's published conference lists before the subscription; verify against the league-tables response for the season once it is archived
rio_grande_valley,2017,Western,Rio Grande Valley FC Toros,USL Championship 2017 Western Conference. Filled from the league's published conference lists before the subscription; verify against the league-tables response for the season once it is archived
sacramento_republic,2017,Western,Sacramento Republic FC,USL Championship 2017 Western Conference. Filled from the league's published conference lists before the subscription; verify against the league-tables response for the season once it is archived
san_antonio_fc,2017,Western,San Antonio FC,USL Championship 2017 Western Conference. Filled from the league's published conference lists before the subscription; verify against the league-tables response for the season once it is archived
tacoma_defiance,2017,Western,Seattle Sounders FC 2,USL Championship 2017 Western Conference. Filled from the league's published conference lists before the subscription; verify against the league-tables response for the season once it is archived
sporting_kc_ii,2017,Western,Swope Park Rangers,USL Championship 2017 Western Conference. Filled from the league's published conference lists before the subscription; verify against the league-tables response for the season once it is archived
fc_tulsa,2017,Western,Tulsa Roughnecks FC,USL Championship 2017 Western Conference. Filled from the league's published conference lists before the subscription; verify against the league-tables response for the season once it is archived
vancouver_whitecaps_2,2017,Western,Vancouver Whitecaps FC 2,USL Championship 2017 Western Conference. Filled from the league's published conference lists before the subscription; verify against the league-tables response for the season once it is archived
atlanta_united_2,2018,Eastern,Atlanta United 2,USL Championship 2018 Eastern Conference. Filled from the league's published conference lists before the subscription; verify against the league-tables response for the season once it is archived
philadelphia_union_ii,2018,Eastern,Bethlehem Steel FC,USL Championship 2018 Eastern Conference. Filled from the league's published conference lists before the subscription; verify against the league-tables response for the season once it is archived
charleston_battery,2018,Eastern,Charleston Battery,USL Championship 2018 Eastern Conference. Filled from the league's published conference lists before the subscription; verify against the league-tables response for the season once it is archived
charlotte_independence,2018,Eastern,Charlotte Independence,USL Championship 2018 Eastern Conference. Filled from the league's published conference lists before the subscription; verify against the league-tables response for the season once it is archived
fc_cincinnati,2018,Eastern,FC Cincinnati,USL Championship 2018 Eastern Conference. Filled from the league's published conference lists before the subscription; verify against the league-tables response for the season once it is archived
indy_eleven,2018,Eastern,Indy Eleven,USL Championship 2018 Eastern Conference. Filled from the league's published conference lists before the subscription; verify against the league-tables response for the season once it is archived
louisville_city,2018,Eastern,Louisville City FC,USL Championship 2018 Eastern Conference. Filled from the league's published conference lists before the subscription; verify against the league-tables response for the season once it is archived
nashville_sc,2018,Eastern,Nashville SC,USL Championship 2018 Eastern Conference. Filled from the league's published conference lists before the subscription; verify against the league-tables response for the season once it is archived
new_york_red_bulls_ii,2018,Eastern,New York Red Bulls II,USL Championship 2018 Eastern Conference. Filled from the league's published conference lists before the subscription; verify against the league-tables response for the season once it is archived
north_carolina_fc,2018,Eastern,North Carolina FC,USL Championship 2018 Eastern Conference. Filled from the league's published conference lists before the subscription; verify against the league-tables response for the season once it is archived
ottawa_fury,2018,Eastern,Ottawa Fury FC,USL Championship 2018 Eastern Conference. Filled from the league's published conference lists before the subscription; verify against the league-tables response for the season once it is archived
penn_fc,2018,Eastern,Penn FC,USL Championship 2018 Eastern Conference. Filled from the league's published conference lists before the subscription; verify against the league-tables response for the season once it is archived
pittsburgh_riverhounds,2018,Eastern,Pittsburgh Riverhounds SC,USL Championship 2018 Eastern Conference. Filled from the league's published conference lists before the subscription; verify against the league-tables response for the season once it is archived
richmond_kickers,2018,Eastern,Richmond Kickers,USL Championship 2018 Eastern Conference. Filled from the league's published conference lists before the subscription; verify against the league-tables response for the season once it is archived
tampa_bay_rowdies,2018,Eastern,Tampa Bay Rowdies,USL Championship 2018 Eastern Conference. Filled from the league's published conference lists before the subscription; verify against the league-tables response for the season once it is archived
toronto_fc_ii,2018,Eastern,Toronto FC II,USL Championship 2018 Eastern Conference. Filled from the league's published conference lists before the subscription; verify against the league-tables response for the season once it is archived
colorado_springs_switchbacks,2018,Western,Colorado Springs Switchbacks FC,USL Championship 2018 Western Conference. Filled from the league's published conference lists before the subscription; verify against the league-tables response for the season once it is archived
fresno_fc,2018,Western,Fresno FC,USL Championship 2018 Western Conference. Filled from the league's published conference lists before the subscription; verify against the league-tables response for the season once it is archived
la_galaxy_ii,2018,Western,LA Galaxy II,USL Championship 2018 Western Conference. Filled from the league's published conference lists before the subscription; verify against the league-tables response for the season once it is archived
las_vegas_lights,2018,Western,Las Vegas Lights FC,USL Championship 2018 Western Conference. Filled from the league's published conference lists before the subscription; verify against the league-tables response for the season once it is archived
okc_energy,2018,Western,OKC Energy FC,USL Championship 2018 Western Conference. Filled from the league's published conference lists before the subscription; verify against the league-tables response for the season once it is archived
orange_county_sc,2018,Western,Orange County SC,USL Championship 2018 Western Conference. Filled from the league's published conference lists before the subscription; verify against the league-tables response for the season once it is archived
phoenix_rising,2018,Western,Phoenix Rising FC,USL Championship 2018 Western Conference. Filled from the league's published conference lists before the subscription; verify against the league-tables response for the season once it is archived
portland_timbers_2,2018,Western,Portland Timbers 2,USL Championship 2018 Western Conference. Filled from the league's published conference lists before the subscription; verify against the league-tables response for the season once it is archived
real_monarchs,2018,Western,Real Monarchs SLC,USL Championship 2018 Western Conference. Filled from the league's published conference lists before the subscription; verify against the league-tables response for the season once it is archived
reno_1868,2018,Western,Reno 1868 FC,USL Championship 2018 Western Conference. Filled from the league's published conference lists before the subscription; verify against the league-tables response for the season once it is archived
rio_grande_valley,2018,Western,Rio Grande Valley FC Toros,USL Championship 2018 Western Conference. Filled from the league's published conference lists before the subscription; verify against the league-tables response for the season once it is archived
sacramento_republic,2018,Western,Sacramento Republic FC,USL Championship 2018 Western Conference. Filled from the league's published conference lists before the subscription; verify against the league-tables response for the season once it is archived
saint_louis_fc,2018,Western,Saint Louis FC,USL Championship 2018 Western Conference. Filled from the league's published conference lists before the subscription; verify against the league-tables response for the season once it is archived
san_antonio_fc,2018,Western,San Antonio FC,USL Championship 2018 Western Conference. Filled from the league's published conference lists before the subscription; verify against the league-tables response for the season once it is archived
tacoma_defiance,2018,Western,Seattle Sounders FC 2,USL Championship 2018 Western Conference. Filled from the league's published conference lists before the subscription; verify against the league-tables response for the season once it is archived
sporting_kc_ii,2018,Western,Swope Park Rangers,USL Championship 2018 Western Conference. Filled from the league's published conference lists before the subscription; verify against the league-tables response for the season once it is archived
fc_tulsa,2018,Western,Tulsa Roughnecks FC,USL Championship 2018 Western Conference. Filled from the league's published conference lists before the subscription; verify against the league-tables response for the season once it is archived
atlanta_united_2,2019,Eastern,Atlanta United 2,USL Championship 2019 Eastern Conference. Filled from the league's published conference lists before the subscription; verify against the league-tables response for the season once it is archived
philadelphia_union_ii,2019,Eastern,Bethlehem Steel FC,USL Championship 2019 Eastern Conference. Filled from the league's published conference lists before the subscription; verify against the league-tables response for the season once it is archived
birmingham_legion,2019,Eastern,Birmingham Legion FC,USL Championship 2019 Eastern Conference. Filled from the league's published conference lists before the subscription; verify against the league-tables response for the season once it is archived
charleston_battery,2019,Eastern,Charleston Battery,USL Championship 2019 Eastern Conference. Filled from the league's published conference lists before the subscription; verify against the league-tables response for the season once it is archived
charlotte_independence,2019,Eastern,Charlotte Independence,USL Championship 2019 Eastern Conference. Filled from the league's published conference lists before the subscription; verify against the league-tables response for the season once it is archived
hartford_athletic,2019,Eastern,Hartford Athletic,USL Championship 2019 Eastern Conference. Filled from the league's published conference lists before the subscription; verify against the league-tables response for the season once it is archived
indy_eleven,2019,Eastern,Indy Eleven,USL Championship 2019 Eastern Conference. Filled from the league's published conference lists before the subscription; verify against the league-tables response for the season once it is archived
loudoun_united,2019,Eastern,Loudoun United FC,USL Championship 2019 Eastern Conference. Filled from the league's published conference lists before the subscription; verify against the league-tables response for the season once it is archived
louisville_city,2019,Eastern,Louisville City FC,USL Championship 2019 Eastern Conference. Filled from the league's published conference lists before the subscription; verify against the league-tables response for the season once it is archived
memphis_901,2019,Eastern,Memphis 901 FC,USL Championship 2019 Eastern Conference. Filled from the league's published conference lists before the subscription; verify against the league-tables response for the season once it is archived
nashville_sc,2019,Eastern,Nashville SC,USL Championship 2019 Eastern Conference. Filled from the league's published conference lists before the subscription; verify against the league-tables response for the season once it is archived
new_york_red_bulls_ii,2019,Eastern,New York Red Bulls II,USL Championship 2019 Eastern Conference. Filled from the league's published conference lists before the subscription; verify against the league-tables response for the season once it is archived
north_carolina_fc,2019,Eastern,North Carolina FC,USL Championship 2019 Eastern Conference. Filled from the league's published conference lists before the subscription; verify against the league-tables response for the season once it is archived
ottawa_fury,2019,Eastern,Ottawa Fury FC,USL Championship 2019 Eastern Conference. Filled from the league's published conference lists before the subscription; verify against the league-tables response for the season once it is archived
pittsburgh_riverhounds,2019,Eastern,Pittsburgh Riverhounds SC,USL Championship 2019 Eastern Conference. Filled from the league's published conference lists before the subscription; verify against the league-tables response for the season once it is archived
saint_louis_fc,2019,Eastern,Saint Louis FC,USL Championship 2019 Eastern Conference. Filled from the league's published conference lists before the subscription; verify against the league-tables response for the season once it is archived
sporting_kc_ii,2019,Eastern,Swope Park Rangers,USL Championship 2019 Eastern Conference. Filled from the league's published conference lists before the subscription; verify against the league-tables response for the season once it is archived
tampa_bay_rowdies,2019,Eastern,Tampa Bay Rowdies,USL Championship 2019 Eastern Conference. Filled from the league's published conference lists before the subscription; verify against the league-tables response for the season once it is archived
austin_bold,2019,Western,Austin Bold FC,USL Championship 2019 Western Conference. Filled from the league's published conference lists before the subscription; verify against the league-tables response for the season once it is archived
colorado_springs_switchbacks,2019,Western,Colorado Springs Switchbacks FC,USL Championship 2019 Western Conference. Filled from the league's published conference lists before the subscription; verify against the league-tables response for the season once it is archived
el_paso_locomotive,2019,Western,El Paso Locomotive FC,USL Championship 2019 Western Conference. Filled from the league's published conference lists before the subscription; verify against the league-tables response for the season once it is archived
fresno_fc,2019,Western,Fresno FC,USL Championship 2019 Western Conference. Filled from the league's published conference lists before the subscription; verify against the league-tables response for the season once it is archived
la_galaxy_ii,2019,Western,LA Galaxy II,USL Championship 2019 Western Conference. Filled from the league's published conference lists before the subscription; verify against the league-tables response for the season once it is archived
las_vegas_lights,2019,Western,Las Vegas Lights FC,USL Championship 2019 Western Conference. Filled from the league's published conference lists before the subscription; verify against the league-tables response for the season once it is archived
new_mexico_united,2019,Western,New Mexico United,USL Championship 2019 Western Conference. Filled from the league's published conference lists before the subscription; verify against the league-tables response for the season once it is archived
okc_energy,2019,Western,OKC Energy FC,USL Championship 2019 Western Conference. Filled from the league's published conference lists before the subscription; verify against the league-tables response for the season once it is archived
orange_county_sc,2019,Western,Orange County SC,USL Championship 2019 Western Conference. Filled from the league's published conference lists before the subscription; verify against the league-tables response for the season once it is archived
phoenix_rising,2019,Western,Phoenix Rising FC,USL Championship 2019 Western Conference. Filled from the league's published conference lists before the subscription; verify against the league-tables response for the season once it is archived
portland_timbers_2,2019,Western,Portland Timbers 2,USL Championship 2019 Western Conference. Filled from the league's published conference lists before the subscription; verify against the league-tables response for the season once it is archived
real_monarchs,2019,Western,Real Monarchs,USL Championship 2019 Western Conference. Filled from the league's published conference lists before the subscription; verify against the league-tables response for the season once it is archived
reno_1868,2019,Western,Reno 1868 FC,USL Championship 2019 Western Conference. Filled from the league's published conference lists before the subscription; verify against the league-tables response for the season once it is archived
rio_grande_valley,2019,Western,Rio Grande Valley FC Toros,USL Championship 2019 Western Conference. Filled from the league's published conference lists before the subscription; verify against the league-tables response for the season once it is archived
sacramento_republic,2019,Western,Sacramento Republic FC,USL Championship 2019 Western Conference. Filled from the league's published conference lists before the subscription; verify against the league-tables response for the season once it is archived
san_antonio_fc,2019,Western,San Antonio FC,USL Championship 2019 Western Conference. Filled from the league's published conference lists before the subscription; verify against the league-tables response for the season once it is archived
tacoma_defiance,2019,Western,Tacoma Defiance,USL Championship 2019 Western Conference. Filled from the league's published conference lists before the subscription; verify against the league-tables response for the season once it is archived
fc_tulsa,2019,Western,Tulsa Roughnecks FC,USL Championship 2019 Western Conference. Filled from the league's published conference lists before the subscription; verify against the league-tables response for the season once it is archived
atlanta_united_2,2020,Eastern,Atlanta United 2,USL Championship 2020 Eastern Conference. Filled from the league's published conference lists before the subscription; verify against the league-tables response for the season once it is archived
birmingham_legion,2020,Eastern,Birmingham Legion FC,USL Championship 2020 Eastern Conference. Filled from the league's published conference lists before the subscription; verify against the league-tables response for the season once it is archived
charleston_battery,2020,Eastern,Charleston Battery,USL Championship 2020 Eastern Conference. Filled from the league's published conference lists before the subscription; verify against the league-tables response for the season once it is archived
charlotte_independence,2020,Eastern,Charlotte Independence,USL Championship 2020 Eastern Conference. Filled from the league's published conference lists before the subscription; verify against the league-tables response for the season once it is archived
hartford_athletic,2020,Eastern,Hartford Athletic,USL Championship 2020 Eastern Conference. Filled from the league's published conference lists before the subscription; verify against the league-tables response for the season once it is archived
indy_eleven,2020,Eastern,Indy Eleven,USL Championship 2020 Eastern Conference. Filled from the league's published conference lists before the subscription; verify against the league-tables response for the season once it is archived
loudoun_united,2020,Eastern,Loudoun United FC,USL Championship 2020 Eastern Conference. Filled from the league's published conference lists before the subscription; verify against the league-tables response for the season once it is archived
louisville_city,2020,Eastern,Louisville City FC,USL Championship 2020 Eastern Conference. Filled from the league's published conference lists before the subscription; verify against the league-tables response for the season once it is archived
memphis_901,2020,Eastern,Memphis 901 FC,USL Championship 2020 Eastern Conference. Filled from the league's published conference lists before the subscription; verify against the league-tables response for the season once it is archived
miami_fc,2020,Eastern,Miami FC,USL Championship 2020 Eastern Conference. Filled from the league's published conference lists before the subscription; verify against the league-tables response for the season once it is archived
new_york_red_bulls_ii,2020,Eastern,New York Red Bulls II,USL Championship 2020 Eastern Conference. Filled from the league's published conference lists before the subscription; verify against the league-tables response for the season once it is archived
north_carolina_fc,2020,Eastern,North Carolina FC,USL Championship 2020 Eastern Conference. Filled from the league's published conference lists before the subscription; verify against the league-tables response for the season once it is archived
philadelphia_union_ii,2020,Eastern,Philadelphia Union II,USL Championship 2020 Eastern Conference. Filled from the league's published conference lists before the subscription; verify against the league-tables response for the season once it is archived
pittsburgh_riverhounds,2020,Eastern,Pittsburgh Riverhounds SC,USL Championship 2020 Eastern Conference. Filled from the league's published conference lists before the subscription; verify against the league-tables response for the season once it is archived
saint_louis_fc,2020,Eastern,Saint Louis FC,USL Championship 2020 Eastern Conference. Filled from the league's published conference lists before the subscription; verify against the league-tables response for the season once it is archived
sporting_kc_ii,2020,Eastern,Sporting Kansas City II,USL Championship 2020 Eastern Conference. Filled from the league's published conference lists before the subscription; verify against the league-tables response for the season once it is archived
tampa_bay_rowdies,2020,Eastern,Tampa Bay Rowdies,USL Championship 2020 Eastern Conference. Filled from the league's published conference lists before the subscription; verify against the league-tables response for the season once it is archived
austin_bold,2020,Western,Austin Bold FC,USL Championship 2020 Western Conference. Filled from the league's published conference lists before the subscription; verify against the league-tables response for the season once it is archived
colorado_springs_switchbacks,2020,Western,Colorado Springs Switchbacks FC,USL Championship 2020 Western Conference. Filled from the league's published conference lists before the subscription; verify against the league-tables response for the season once it is archived
el_paso_locomotive,2020,Western,El Paso Locomotive FC,USL Championship 2020 Western Conference. Filled from the league's published conference lists before the subscription; verify against the league-tables response for the season once it is archived
la_galaxy_ii,2020,Western,LA Galaxy II,USL Championship 2020 Western Conference. Filled from the league's published conference lists before the subscription; verify against the league-tables response for the season once it is archived
las_vegas_lights,2020,Western,Las Vegas Lights FC,USL Championship 2020 Western Conference. Filled from the league's published conference lists before the subscription; verify against the league-tables response for the season once it is archived
new_mexico_united,2020,Western,New Mexico United,USL Championship 2020 Western Conference. Filled from the league's published conference lists before the subscription; verify against the league-tables response for the season once it is archived
okc_energy,2020,Western,OKC Energy FC,USL Championship 2020 Western Conference. Filled from the league's published conference lists before the subscription; verify against the league-tables response for the season once it is archived
orange_county_sc,2020,Western,Orange County SC,USL Championship 2020 Western Conference. Filled from the league's published conference lists before the subscription; verify against the league-tables response for the season once it is archived
phoenix_rising,2020,Western,Phoenix Rising FC,USL Championship 2020 Western Conference. Filled from the league's published conference lists before the subscription; verify against the league-tables response for the season once it is archived
portland_timbers_2,2020,Western,Portland Timbers 2,USL Championship 2020 Western Conference. Filled from the league's published conference lists before the subscription; verify against the league-tables response for the season once it is archived
real_monarchs,2020,Western,Real Monarchs,USL Championship 2020 Western Conference. Filled from the league's published conference lists before the subscription; verify against the league-tables response for the season once it is archived
reno_1868,2020,Western,Reno 1868 FC,USL Championship 2020 Western Conference. Filled from the league's published conference lists before the subscription; verify against the league-tables response for the season once it is archived
rio_grande_valley,2020,Western,Rio Grande Valley FC,USL Championship 2020 Western Conference. Filled from the league's published conference lists before the subscription; verify against the league-tables response for the season once it is archived
sacramento_republic,2020,Western,Sacramento Republic FC,USL Championship 2020 Western Conference. Filled from the league's published conference lists before the subscription; verify against the league-tables response for the season once it is archived
san_antonio_fc,2020,Western,San Antonio FC,USL Championship 2020 Western Conference. Filled from the league's published conference lists before the subscription; verify against the league-tables response for the season once it is archived
san_diego_loyal,2020,Western,San Diego Loyal SC,USL Championship 2020 Western Conference. Filled from the league's published conference lists before the subscription; verify against the league-tables response for the season once it is archived
tacoma_defiance,2020,Western,Tacoma Defiance,USL Championship 2020 Western Conference. Filled from the league's published conference lists before the subscription; verify against the league-tables response for the season once it is archived
fc_tulsa,2020,Western,FC Tulsa,USL Championship 2020 Western Conference. Filled from the league's published conference lists before the subscription; verify against the league-tables response for the season once it is archived
charleston_battery,2021,Atlantic,Charleston Battery,USL Championship 2021 Atlantic Division. The 2021 season was played in four divisions; and the division is the field a club was ranked against; so it is the conference here. Verify against the league-tables response once archived
charlotte_independence,2021,Atlantic,Charlotte Independence,USL Championship 2021 Atlantic Division. The 2021 season was played in four divisions; and the division is the field a club was ranked against; so it is the conference here. Verify against the league-tables response once archived
hartford_athletic,2021,Atlantic,Hartford Athletic,USL Championship 2021 Atlantic Division. The 2021 season was played in four divisions; and the division is the field a club was ranked against; so it is the conference here. Verify against the league-tables response once archived
loudoun_united,2021,Atlantic,Loudoun United FC,USL Championship 2021 Atlantic Division. The 2021 season was played in four divisions; and the division is the field a club was ranked against; so it is the conference here. Verify against the league-tables response once archived
miami_fc,2021,Atlantic,Miami FC,USL Championship 2021 Atlantic Division. The 2021 season was played in four divisions; and the division is the field a club was ranked against; so it is the conference here. Verify against the league-tables response once archived
new_york_red_bulls_ii,2021,Atlantic,New York Red Bulls II,USL Championship 2021 Atlantic Division. The 2021 season was played in four divisions; and the division is the field a club was ranked against; so it is the conference here. Verify against the league-tables response once archived
pittsburgh_riverhounds,2021,Atlantic,Pittsburgh Riverhounds SC,USL Championship 2021 Atlantic Division. The 2021 season was played in four divisions; and the division is the field a club was ranked against; so it is the conference here. Verify against the league-tables response once archived
tampa_bay_rowdies,2021,Atlantic,Tampa Bay Rowdies,USL Championship 2021 Atlantic Division. The 2021 season was played in four divisions; and the division is the field a club was ranked against; so it is the conference here. Verify against the league-tables response once archived
atlanta_united_2,2021,Central,Atlanta United 2,USL Championship 2021 Central Division. The 2021 season was played in four divisions; and the division is the field a club was ranked against; so it is the conference here. Verify against the league-tables response once archived
birmingham_legion,2021,Central,Birmingham Legion FC,USL Championship 2021 Central Division. The 2021 season was played in four divisions; and the division is the field a club was ranked against; so it is the conference here. Verify against the league-tables response once archived
indy_eleven,2021,Central,Indy Eleven,USL Championship 2021 Central Division. The 2021 season was played in four divisions; and the division is the field a club was ranked against; so it is the conference here. Verify against the league-tables response once archived
louisville_city,2021,Central,Louisville City FC,USL Championship 2021 Central Division. The 2021 season was played in four divisions; and the division is the field a club was ranked against; so it is the conference here. Verify against the league-tables response once archived
memphis_901,2021,Central,Memphis 901 FC,USL Championship 2021 Central Division. The 2021 season was played in four divisions; and the division is the field a club was ranked against; so it is the conference here. Verify against the league-tables response once archived
okc_energy,2021,Central,OKC Energy FC,USL Championship 2021 Central Division. The 2021 season was played in four divisions; and the division is the field a club was ranked against; so it is the conference here. Verify against the league-tables response once archived
sporting_kc_ii,2021,Central,Sporting Kansas City II,USL Championship 2021 Central Division. The 2021 season was played in four divisions; and the division is the field a club was ranked against; so it is the conference here. Verify against the league-tables response once archived
fc_tulsa,2021,Central,FC Tulsa,USL Championship 2021 Central Division. The 2021 season was played in four divisions; and the division is the field a club was ranked against; so it is the conference here. Verify against the league-tables response once archived
austin_bold,2021,Mountain,Austin Bold FC,USL Championship 2021 Mountain Division. The 2021 season was played in four divisions; and the division is the field a club was ranked against; so it is the conference here. Verify against the league-tables response once archived
colorado_springs_switchbacks,2021,Mountain,Colorado Springs Switchbacks FC,USL Championship 2021 Mountain Division. The 2021 season was played in four divisions; and the division is the field a club was ranked against; so it is the conference here. Verify against the league-tables response once archived
el_paso_locomotive,2021,Mountain,El Paso Locomotive FC,USL Championship 2021 Mountain Division. The 2021 season was played in four divisions; and the division is the field a club was ranked against; so it is the conference here. Verify against the league-tables response once archived
new_mexico_united,2021,Mountain,New Mexico United,USL Championship 2021 Mountain Division. The 2021 season was played in four divisions; and the division is the field a club was ranked against; so it is the conference here. Verify against the league-tables response once archived
real_monarchs,2021,Mountain,Real Monarchs,USL Championship 2021 Mountain Division. The 2021 season was played in four divisions; and the division is the field a club was ranked against; so it is the conference here. Verify against the league-tables response once archived
rio_grande_valley,2021,Mountain,Rio Grande Valley FC,USL Championship 2021 Mountain Division. The 2021 season was played in four divisions; and the division is the field a club was ranked against; so it is the conference here. Verify against the league-tables response once archived
san_antonio_fc,2021,Mountain,San Antonio FC,USL Championship 2021 Mountain Division. The 2021 season was played in four divisions; and the division is the field a club was ranked against; so it is the conference here. Verify against the league-tables response once archived
la_galaxy_ii,2021,Pacific,LA Galaxy II,USL Championship 2021 Pacific Division. The 2021 season was played in four divisions; and the division is the field a club was ranked against; so it is the conference here. Verify against the league-tables response once archived
las_vegas_lights,2021,Pacific,Las Vegas Lights FC,USL Championship 2021 Pacific Division. The 2021 season was played in four divisions; and the division is the field a club was ranked against; so it is the conference here. Verify against the league-tables response once archived
oakland_roots,2021,Pacific,Oakland Roots SC,USL Championship 2021 Pacific Division. The 2021 season was played in four divisions; and the division is the field a club was ranked against; so it is the conference here. Verify against the league-tables response once archived
orange_county_sc,2021,Pacific,Orange County SC,USL Championship 2021 Pacific Division. The 2021 season was played in four divisions; and the division is the field a club was ranked against; so it is the conference here. Verify against the league-tables response once archived
phoenix_rising,2021,Pacific,Phoenix Rising FC,USL Championship 2021 Pacific Division. The 2021 season was played in four divisions; and the division is the field a club was ranked against; so it is the conference here. Verify against the league-tables response once archived
sacramento_republic,2021,Pacific,Sacramento Republic FC,USL Championship 2021 Pacific Division. The 2021 season was played in four divisions; and the division is the field a club was ranked against; so it is the conference here. Verify against the league-tables response once archived
san_diego_loyal,2021,Pacific,San Diego Loyal SC,USL Championship 2021 Pacific Division. The 2021 season was played in four divisions; and the division is the field a club was ranked against; so it is the conference here. Verify against the league-tables response once archived
tacoma_defiance,2021,Pacific,Tacoma Defiance,USL Championship 2021 Pacific Division. The 2021 season was played in four divisions; and the division is the field a club was ranked against; so it is the conference here. Verify against the league-tables response once archived
atlanta_united_2,2022,Eastern,Atlanta United 2,USL Championship 2022 Eastern Conference. Filled from the league's published conference lists before the subscription; verify against the league-tables response for the season once it is archived
birmingham_legion,2022,Eastern,Birmingham Legion FC,USL Championship 2022 Eastern Conference. Filled from the league's published conference lists before the subscription; verify against the league-tables response for the season once it is archived
charleston_battery,2022,Eastern,Charleston Battery,USL Championship 2022 Eastern Conference. Filled from the league's published conference lists before the subscription; verify against the league-tables response for the season once it is archived
detroit_city,2022,Eastern,Detroit City FC,USL Championship 2022 Eastern Conference. Filled from the league's published conference lists before the subscription; verify against the league-tables response for the season once it is archived
hartford_athletic,2022,Eastern,Hartford Athletic,USL Championship 2022 Eastern Conference. Filled from the league's published conference lists before the subscription; verify against the league-tables response for the season once it is archived
indy_eleven,2022,Eastern,Indy Eleven,USL Championship 2022 Eastern Conference. Filled from the league's published conference lists before the subscription; verify against the league-tables response for the season once it is archived
loudoun_united,2022,Eastern,Loudoun United FC,USL Championship 2022 Eastern Conference. Filled from the league's published conference lists before the subscription; verify against the league-tables response for the season once it is archived
louisville_city,2022,Eastern,Louisville City FC,USL Championship 2022 Eastern Conference. Filled from the league's published conference lists before the subscription; verify against the league-tables response for the season once it is archived
memphis_901,2022,Eastern,Memphis 901 FC,USL Championship 2022 Eastern Conference. Filled from the league's published conference lists before the subscription; verify against the league-tables response for the season once it is archived
miami_fc,2022,Eastern,Miami FC,USL Championship 2022 Eastern Conference. Filled from the league's published conference lists before the subscription; verify against the league-tables response for the season once it is archived
new_york_red_bulls_ii,2022,Eastern,New York Red Bulls II,USL Championship 2022 Eastern Conference. Filled from the league's published conference lists before the subscription; verify against the league-tables response for the season once it is archived
pittsburgh_riverhounds,2022,Eastern,Pittsburgh Riverhounds SC,USL Championship 2022 Eastern Conference. Filled from the league's published conference lists before the subscription; verify against the league-tables response for the season once it is archived
tampa_bay_rowdies,2022,Eastern,Tampa Bay Rowdies,USL Championship 2022 Eastern Conference. Filled from the league's published conference lists before the subscription; verify against the league-tables response for the season once it is archived
colorado_springs_switchbacks,2022,Western,Colorado Springs Switchbacks FC,USL Championship 2022 Western Conference. Filled from the league's published conference lists before the subscription; verify against the league-tables response for the season once it is archived
el_paso_locomotive,2022,Western,El Paso Locomotive FC,USL Championship 2022 Western Conference. Filled from the league's published conference lists before the subscription; verify against the league-tables response for the season once it is archived
la_galaxy_ii,2022,Western,LA Galaxy II,USL Championship 2022 Western Conference. Filled from the league's published conference lists before the subscription; verify against the league-tables response for the season once it is archived
las_vegas_lights,2022,Western,Las Vegas Lights FC,USL Championship 2022 Western Conference. Filled from the league's published conference lists before the subscription; verify against the league-tables response for the season once it is archived
monterey_bay,2022,Western,Monterey Bay FC,USL Championship 2022 Western Conference. Filled from the league's published conference lists before the subscription; verify against the league-tables response for the season once it is archived
new_mexico_united,2022,Western,New Mexico United,USL Championship 2022 Western Conference. Filled from the league's published conference lists before the subscription; verify against the league-tables response for the season once it is archived
oakland_roots,2022,Western,Oakland Roots SC,USL Championship 2022 Western Conference. Filled from the league's published conference lists before the subscription; verify against the league-tables response for the season once it is archived
orange_county_sc,2022,Western,Orange County SC,USL Championship 2022 Western Conference. Filled from the league's published conference lists before the subscription; verify against the league-tables response for the season once it is archived
phoenix_rising,2022,Western,Phoenix Rising FC,USL Championship 2022 Western Conference. Filled from the league's published conference lists before the subscription; verify against the league-tables response for the season once it is archived
rio_grande_valley,2022,Western,Rio Grande Valley FC,USL Championship 2022 Western Conference. Filled from the league's published conference lists before the subscription; verify against the league-tables response for the season once it is archived
sacramento_republic,2022,Western,Sacramento Republic FC,USL Championship 2022 Western Conference. Filled from the league's published conference lists before the subscription; verify against the league-tables response for the season once it is archived
san_antonio_fc,2022,Western,San Antonio FC,USL Championship 2022 Western Conference. Filled from the league's published conference lists before the subscription; verify against the league-tables response for the season once it is archived
san_diego_loyal,2022,Western,San Diego Loyal SC,USL Championship 2022 Western Conference. Filled from the league's published conference lists before the subscription; verify against the league-tables response for the season once it is archived
fc_tulsa,2022,Western,FC Tulsa,USL Championship 2022 Western Conference. Filled from the league's published conference lists before the subscription; verify against the league-tables response for the season once it is archived
birmingham_legion,2023,Eastern,Birmingham Legion FC,USL Championship 2023 Eastern Conference. Filled from the league's published conference lists before the subscription; verify against the league-tables response for the season once it is archived
charleston_battery,2023,Eastern,Charleston Battery,USL Championship 2023 Eastern Conference. Filled from the league's published conference lists before the subscription; verify against the league-tables response for the season once it is archived
detroit_city,2023,Eastern,Detroit City FC,USL Championship 2023 Eastern Conference. Filled from the league's published conference lists before the subscription; verify against the league-tables response for the season once it is archived
hartford_athletic,2023,Eastern,Hartford Athletic,USL Championship 2023 Eastern Conference. Filled from the league's published conference lists before the subscription; verify against the league-tables response for the season once it is archived
indy_eleven,2023,Eastern,Indy Eleven,USL Championship 2023 Eastern Conference. Filled from the league's published conference lists before the subscription; verify against the league-tables response for the season once it is archived
loudoun_united,2023,Eastern,Loudoun United FC,USL Championship 2023 Eastern Conference. Filled from the league's published conference lists before the subscription; verify against the league-tables response for the season once it is archived
louisville_city,2023,Eastern,Louisville City FC,USL Championship 2023 Eastern Conference. Filled from the league's published conference lists before the subscription; verify against the league-tables response for the season once it is archived
memphis_901,2023,Eastern,Memphis 901 FC,USL Championship 2023 Eastern Conference. Filled from the league's published conference lists before the subscription; verify against the league-tables response for the season once it is archived
miami_fc,2023,Eastern,Miami FC,USL Championship 2023 Eastern Conference. Filled from the league's published conference lists before the subscription; verify against the league-tables response for the season once it is archived
pittsburgh_riverhounds,2023,Eastern,Pittsburgh Riverhounds SC,USL Championship 2023 Eastern Conference. Filled from the league's published conference lists before the subscription; verify against the league-tables response for the season once it is archived
tampa_bay_rowdies,2023,Eastern,Tampa Bay Rowdies,USL Championship 2023 Eastern Conference. Filled from the league's published conference lists before the subscription; verify against the league-tables response for the season once it is archived
fc_tulsa,2023,Eastern,FC Tulsa,USL Championship 2023 Eastern Conference. Filled from the league's published conference lists before the subscription; verify against the league-tables response for the season once it is archived
colorado_springs_switchbacks,2023,Western,Colorado Springs Switchbacks FC,USL Championship 2023 Western Conference. Filled from the league's published conference lists before the subscription; verify against the league-tables response for the season once it is archived
el_paso_locomotive,2023,Western,El Paso Locomotive FC,USL Championship 2023 Western Conference. Filled from the league's published conference lists before the subscription; verify against the league-tables response for the season once it is archived
las_vegas_lights,2023,Western,Las Vegas Lights FC,USL Championship 2023 Western Conference. Filled from the league's published conference lists before the subscription; verify against the league-tables response for the season once it is archived
monterey_bay,2023,Western,Monterey Bay FC,USL Championship 2023 Western Conference. Filled from the league's published conference lists before the subscription; verify against the league-tables response for the season once it is archived
new_mexico_united,2023,Western,New Mexico United,USL Championship 2023 Western Conference. Filled from the league's published conference lists before the subscription; verify against the league-tables response for the season once it is archived
oakland_roots,2023,Western,Oakland Roots SC,USL Championship 2023 Western Conference. Filled from the league's published conference lists before the subscription; verify against the league-tables response for the season once it is archived
orange_county_sc,2023,Western,Orange County SC,USL Championship 2023 Western Conference. Filled from the league's published conference lists before the subscription; verify against the league-tables response for the season once it is archived
phoenix_rising,2023,Western,Phoenix Rising FC,USL Championship 2023 Western Conference. Filled from the league's published conference lists before the subscription; verify against the league-tables response for the season once it is archived
rio_grande_valley,2023,Western,Rio Grande Valley FC,USL Championship 2023 Western Conference. Filled from the league's published conference lists before the subscription; verify against the league-tables response for the season once it is archived
sacramento_republic,2023,Western,Sacramento Republic FC,USL Championship 2023 Western Conference. Filled from the league's published conference lists before the subscription; verify against the league-tables response for the season once it is archived
san_antonio_fc,2023,Western,San Antonio FC,USL Championship 2023 Western Conference. Filled from the league's published conference lists before the subscription; verify against the league-tables response for the season once it is archived
san_diego_loyal,2023,Western,San Diego Loyal SC,USL Championship 2023 Western Conference. Filled from the league's published conference lists before the subscription; verify against the league-tables response for the season once it is archived
birmingham_legion,2024,Eastern,Birmingham Legion FC,USL Championship 2024 Eastern Conference. Filled from the league's published conference lists before the subscription; verify against the league-tables response for the season once it is archived
charleston_battery,2024,Eastern,Charleston Battery,USL Championship 2024 Eastern Conference. Filled from the league's published conference lists before the subscription; verify against the league-tables response for the season once it is archived
detroit_city,2024,Eastern,Detroit City FC,USL Championship 2024 Eastern Conference. Filled from the league's published conference lists before the subscription; verify against the league-tables response for the season once it is archived
hartford_athletic,2024,Eastern,Hartford Athletic,USL Championship 2024 Eastern Conference. Filled from the league's published conference lists before the subscription; verify against the league-tables response for the season once it is archived
indy_eleven,2024,Eastern,Indy Eleven,USL Championship 2024 Eastern Conference. Filled from the league's published conference lists before the subscription; verify against the league-tables response for the season once it is archived
loudoun_united,2024,Eastern,Loudoun United FC,USL Championship 2024 Eastern Conference. Filled from the league's published conference lists before the subscription; verify against the league-tables response for the season once it is archived
louisville_city,2024,Eastern,Louisville City FC,USL Championship 2024 Eastern Conference. Filled from the league's published conference lists before the subscription; verify against the league-tables response for the season once it is archived
miami_fc,2024,Eastern,Miami FC,USL Championship 2024 Eastern Conference. Filled from the league's published conference lists before the subscription; verify against the league-tables response for the season once it is archived
north_carolina_fc,2024,Eastern,North Carolina FC,USL Championship 2024 Eastern Conference. Filled from the league's published conference lists before the subscription; verify against the league-tables response for the season once it is archived
pittsburgh_riverhounds,2024,Eastern,Pittsburgh Riverhounds SC,USL Championship 2024 Eastern Conference. Filled from the league's published conference lists before the subscription; verify against the league-tables response for the season once it is archived
rhode_island_fc,2024,Eastern,Rhode Island FC,USL Championship 2024 Eastern Conference. Filled from the league's published conference lists before the subscription; verify against the league-tables response for the season once it is archived
tampa_bay_rowdies,2024,Eastern,Tampa Bay Rowdies,USL Championship 2024 Eastern Conference. Filled from the league's published conference lists before the subscription; verify against the league-tables response for the season once it is archived
colorado_springs_switchbacks,2024,Western,Colorado Springs Switchbacks FC,USL Championship 2024 Western Conference. Filled from the league's published conference lists before the subscription; verify against the league-tables response for the season once it is archived
el_paso_locomotive,2024,Western,El Paso Locomotive FC,USL Championship 2024 Western Conference. Filled from the league's published conference lists before the subscription; verify against the league-tables response for the season once it is archived
las_vegas_lights,2024,Western,Las Vegas Lights FC,USL Championship 2024 Western Conference. Filled from the league's published conference lists before the subscription; verify against the league-tables response for the season once it is archived
memphis_901,2024,Western,Memphis 901 FC,USL Championship 2024 Western Conference. Filled from the league's published conference lists before the subscription; verify against the league-tables response for the season once it is archived
monterey_bay,2024,Western,Monterey Bay FC,USL Championship 2024 Western Conference. Filled from the league's published conference lists before the subscription; verify against the league-tables response for the season once it is archived
new_mexico_united,2024,Western,New Mexico United,USL Championship 2024 Western Conference. Filled from the league's published conference lists before the subscription; verify against the league-tables response for the season once it is archived
oakland_roots,2024,Western,Oakland Roots SC,USL Championship 2024 Western Conference. Filled from the league's published conference lists before the subscription; verify against the league-tables response for the season once it is archived
orange_county_sc,2024,Western,Orange County SC,USL Championship 2024 Western Conference. Filled from the league's published conference lists before the subscription; verify against the league-tables response for the season once it is archived
phoenix_rising,2024,Western,Phoenix Rising FC,USL Championship 2024 Western Conference. Filled from the league's published conference lists before the subscription; verify against the league-tables response for the season once it is archived
sacramento_republic,2024,Western,Sacramento Republic FC,USL Championship 2024 Western Conference. Filled from the league's published conference lists before the subscription; verify against the league-tables response for the season once it is archived
san_antonio_fc,2024,Western,San Antonio FC,USL Championship 2024 Western Conference. Filled from the league's published conference lists before the subscription; verify against the league-tables response for the season once it is archived
fc_tulsa,2024,Western,FC Tulsa,USL Championship 2024 Western Conference. Filled from the league's published conference lists before the subscription; verify against the league-tables response for the season once it is archived
birmingham_legion,2025,Eastern,Birmingham Legion FC,USL Championship 2025 Eastern Conference. Filled from the league's published conference lists before the subscription; verify against the league-tables response for the season once it is archived
charleston_battery,2025,Eastern,Charleston Battery,USL Championship 2025 Eastern Conference. Filled from the league's published conference lists before the subscription; verify against the league-tables response for the season once it is archived
detroit_city,2025,Eastern,Detroit City FC,USL Championship 2025 Eastern Conference. Filled from the league's published conference lists before the subscription; verify against the league-tables response for the season once it is archived
hartford_athletic,2025,Eastern,Hartford Athletic,USL Championship 2025 Eastern Conference. Filled from the league's published conference lists before the subscription; verify against the league-tables response for the season once it is archived
indy_eleven,2025,Eastern,Indy Eleven,USL Championship 2025 Eastern Conference. Filled from the league's published conference lists before the subscription; verify against the league-tables response for the season once it is archived
lexington_sc,2025,Eastern,Lexington SC,USL Championship 2025 Eastern Conference. Filled from the league's published conference lists before the subscription; verify against the league-tables response for the season once it is archived
loudoun_united,2025,Eastern,Loudoun United FC,USL Championship 2025 Eastern Conference. Filled from the league's published conference lists before the subscription; verify against the league-tables response for the season once it is archived
louisville_city,2025,Eastern,Louisville City FC,USL Championship 2025 Eastern Conference. Filled from the league's published conference lists before the subscription; verify against the league-tables response for the season once it is archived
miami_fc,2025,Eastern,Miami FC,USL Championship 2025 Eastern Conference. Filled from the league's published conference lists before the subscription; verify against the league-tables response for the season once it is archived
north_carolina_fc,2025,Eastern,North Carolina FC,USL Championship 2025 Eastern Conference. Filled from the league's published conference lists before the subscription; verify against the league-tables response for the season once it is archived
pittsburgh_riverhounds,2025,Eastern,Pittsburgh Riverhounds SC,USL Championship 2025 Eastern Conference. Filled from the league's published conference lists before the subscription; verify against the league-tables response for the season once it is archived
rhode_island_fc,2025,Eastern,Rhode Island FC,USL Championship 2025 Eastern Conference. Filled from the league's published conference lists before the subscription; verify against the league-tables response for the season once it is archived
tampa_bay_rowdies,2025,Eastern,Tampa Bay Rowdies,USL Championship 2025 Eastern Conference. Filled from the league's published conference lists before the subscription; verify against the league-tables response for the season once it is archived
colorado_springs_switchbacks,2025,Western,Colorado Springs Switchbacks FC,USL Championship 2025 Western Conference. Filled from the league's published conference lists before the subscription; verify against the league-tables response for the season once it is archived
el_paso_locomotive,2025,Western,El Paso Locomotive FC,USL Championship 2025 Western Conference. Filled from the league's published conference lists before the subscription; verify against the league-tables response for the season once it is archived
las_vegas_lights,2025,Western,Las Vegas Lights FC,USL Championship 2025 Western Conference. Filled from the league's published conference lists before the subscription; verify against the league-tables response for the season once it is archived
monterey_bay,2025,Western,Monterey Bay FC,USL Championship 2025 Western Conference. Filled from the league's published conference lists before the subscription; verify against the league-tables response for the season once it is archived
new_mexico_united,2025,Western,New Mexico United,USL Championship 2025 Western Conference. Filled from the league's published conference lists before the subscription; verify against the league-tables response for the season once it is archived
oakland_roots,2025,Western,Oakland Roots SC,USL Championship 2025 Western Conference. Filled from the league's published conference lists before the subscription; verify against the league-tables response for the season once it is archived
orange_county_sc,2025,Western,Orange County SC,USL Championship 2025 Western Conference. Filled from the league's published conference lists before the subscription; verify against the league-tables response for the season once it is archived
phoenix_rising,2025,Western,Phoenix Rising FC,USL Championship 2025 Western Conference. Filled from the league's published conference lists before the subscription; verify against the league-tables response for the season once it is archived
sacramento_republic,2025,Western,Sacramento Republic FC,USL Championship 2025 Western Conference. Filled from the league's published conference lists before the subscription; verify against the league-tables response for the season once it is archived
san_antonio_fc,2025,Western,San Antonio FC,USL Championship 2025 Western Conference. Filled from the league's published conference lists before the subscription; verify against the league-tables response for the season once it is archived
fc_tulsa,2025,Western,FC Tulsa,USL Championship 2025 Western Conference. Filled from the league's published conference lists before the subscription; verify against the league-tables response for the season once it is archived
